DateKey,Year,Month,DayofMonth,DayOfWeek,MonthName,Day
20080103,2008,1,3,4,Jan,Thu
20080104,2008,1,4,5,Jan,Fri
20080105,2008,1,5,6,Jan,Sat
20080106,2008,1,6,7,Jan,Sun
20080107,2008,1,7,1,Jan,Mon
20080108,2008,1,8,2,Jan,Tue
20080109,2008,1,9,3,Jan,Wed
20080110,2008,1,10,4,Jan,Thu
20080111,2008,1,11,5,Jan,Fri
20080112,2008,1,12,6,Jan,Sat
20080113,2008,1,13,7,Jan,Sun
20080114,2008,1,14,1,Jan,Mon
20080115,2008,1,15,2,Jan,Tue
20080116,2008,1,16,3,Jan,Wed
20080117,2008,1,17,4,Jan,Thu
20080118,2008,1,18,5,Jan,Fri
20080119,2008,1,19,6,Jan,Sat
20080120,2008,1,20,7,Jan,Sun
20080121,2008,1,21,1,Jan,Mon
20080122,2008,1,22,2,Jan,Tue
20080123,2008,1,23,3,Jan,Wed
20080124,2008,1,24,4,Jan,Thu
20080125,2008,1,25,5,Jan,Fri
20080126,2008,1,26,6,Jan,Sat
20080127,2008,1,27,7,Jan,Sun
20080128,2008,1,28,1,Jan,Mon
20080129,2008,1,29,2,Jan,Tue
20080130,2008,1,30,3,Jan,Wed
20080131,2008,1,31,4,Jan,Thu
20080102,2008,1,2,3,Jan,Wed
20080101,2008,1,1,2,Jan,Tue
20080202,2008,2,2,6,Feb,Sat
20080203,2008,2,3,7,Feb,Sun
20080204,2008,2,4,1,Feb,Mon
20080205,2008,2,5,2,Feb,Tue
20080206,2008,2,6,3,Feb,Wed
20080207,2008,2,7,4,Feb,Thu
20080208,2008,2,8,5,Feb,Fri
20080209,2008,2,9,6,Feb,Sat
20080210,2008,2,10,7,Feb,Sun
20080211,2008,2,11,1,Feb,Mon
20080212,2008,2,12,2,Feb,Tue
20080213,2008,2,13,3,Feb,Wed
20080214,2008,2,14,4,Feb,Thu
20080215,2008,2,15,5,Feb,Fri
20080216,2008,2,16,6,Feb,Sat
20080217,2008,2,17,7,Feb,Sun
20080218,2008,2,18,1,Feb,Mon
20080219,2008,2,19,2,Feb,Tue
20080220,2008,2,20,3,Feb,Wed
20080221,2008,2,21,4,Feb,Thu
20080222,2008,2,22,5,Feb,Fri
20080223,2008,2,23,6,Feb,Sat
20080224,2008,2,24,7,Feb,Sun
20080225,2008,2,25,1,Feb,Mon
20080226,2008,2,26,2,Feb,Tue
20080227,2008,2,27,3,Feb,Wed
20080228,2008,2,28,4,Feb,Thu
20080229,2008,2,29,5,Feb,Fri
20080201,2008,2,1,5,Feb,Fri
20080303,2008,3,3,1,Mar,Mon
20080304,2008,3,4,2,Mar,Tue
20080305,2008,3,5,3,Mar,Wed
20080306,2008,3,6,4,Mar,Thu
20080307,2008,3,7,5,Mar,Fri
20080308,2008,3,8,6,Mar,Sat
20080309,2008,3,9,7,Mar,Sun
20080310,2008,3,10,1,Mar,Mon
20080311,2008,3,11,2,Mar,Tue
20080312,2008,3,12,3,Mar,Wed
20080313,2008,3,13,4,Mar,Thu
20080314,2008,3,14,5,Mar,Fri
20080315,2008,3,15,6,Mar,Sat
20080316,2008,3,16,7,Mar,Sun
20080317,2008,3,17,1,Mar,Mon
20080318,2008,3,18,2,Mar,Tue
20080319,2008,3,19,3,Mar,Wed
20080320,2008,3,20,4,Mar,Thu
20080321,2008,3,21,5,Mar,Fri
20080322,2008,3,22,6,Mar,Sat
20080323,2008,3,23,7,Mar,Sun
20080324,2008,3,24,1,Mar,Mon
20080325,2008,3,25,2,Mar,Tue
20080326,2008,3,26,3,Mar,Wed
20080327,2008,3,27,4,Mar,Thu
20080328,2008,3,28,5,Mar,Fri
20080329,2008,3,29,6,Mar,Sat
20080330,2008,3,30,7,Mar,Sun
20080331,2008,3,31,1,Mar,Mon
20080301,2008,3,1,6,Mar,Sat
20080302,2008,3,2,7,Mar,Sun
20080403,2008,4,3,4,Apr,Thu
20080404,2008,4,4,5,Apr,Fri
20080405,2008,4,5,6,Apr,Sat
20080406,2008,4,6,7,Apr,Sun
20080407,2008,4,7,1,Apr,Mon
20080408,2008,4,8,2,Apr,Tue
20080409,2008,4,9,3,Apr,Wed
20080410,2008,4,10,4,Apr,Thu
20080411,2008,4,11,5,Apr,Fri
20080412,2008,4,12,6,Apr,Sat
20080413,2008,4,13,7,Apr,Sun
20080414,2008,4,14,1,Apr,Mon
20080415,2008,4,15,2,Apr,Tue
20080416,2008,4,16,3,Apr,Wed
20080417,2008,4,17,4,Apr,Thu
20080418,2008,4,18,5,Apr,Fri
20080419,2008,4,19,6,Apr,Sat
20080420,2008,4,20,7,Apr,Sun
20080421,2008,4,21,1,Apr,Mon
20080422,2008,4,22,2,Apr,Tue
20080423,2008,4,23,3,Apr,Wed
20080424,2008,4,24,4,Apr,Thu
20080425,2008,4,25,5,Apr,Fri
20080426,2008,4,26,6,Apr,Sat
20080427,2008,4,27,7,Apr,Sun
20080428,2008,4,28,1,Apr,Mon
20080429,2008,4,29,2,Apr,Tue
20080430,2008,4,30,3,Apr,Wed
20080401,2008,4,1,2,Apr,Tue
20080402,2008,4,2,3,Apr,Wed
20080503,2008,5,3,6,May,Sat
20080504,2008,5,4,7,May,Sun
20080505,2008,5,5,1,May,Mon
20080506,2008,5,6,2,May,Tue
20080507,2008,5,7,3,May,Wed
20080508,2008,5,8,4,May,Thu
20080509,2008,5,9,5,May,Fri
20080510,2008,5,10,6,May,Sat
20080511,2008,5,11,7,May,Sun
20080512,2008,5,12,1,May,Mon
20080513,2008,5,13,2,May,Tue
20080514,2008,5,14,3,May,Wed
20080515,2008,5,15,4,May,Thu
20080516,2008,5,16,5,May,Fri
20080517,2008,5,17,6,May,Sat
20080518,2008,5,18,7,May,Sun
20080519,2008,5,19,1,May,Mon
20080520,2008,5,20,2,May,Tue
20080521,2008,5,21,3,May,Wed
20080522,2008,5,22,4,May,Thu
20080523,2008,5,23,5,May,Fri
20080524,2008,5,24,6,May,Sat
20080525,2008,5,25,7,May,Sun
20080526,2008,5,26,1,May,Mon
20080527,2008,5,27,2,May,Tue
20080528,2008,5,28,3,May,Wed
20080529,2008,5,29,4,May,Thu
20080530,2008,5,30,5,May,Fri
20080531,2008,5,31,6,May,Sat
20080501,2008,5,1,4,May,Thu
20080502,2008,5,2,5,May,Fri
20080602,2008,6,2,1,Jun,Mon
20080603,2008,6,3,2,Jun,Tue
20080604,2008,6,4,3,Jun,Wed
20080605,2008,6,5,4,Jun,Thu
20080606,2008,6,6,5,Jun,Fri
20080607,2008,6,7,6,Jun,Sat
20080608,2008,6,8,7,Jun,Sun
20080609,2008,6,9,1,Jun,Mon
20080610,2008,6,10,2,Jun,Tue
20080611,2008,6,11,3,Jun,Wed
20080612,2008,6,12,4,Jun,Thu
20080613,2008,6,13,5,Jun,Fri
20080614,2008,6,14,6,Jun,Sat
20080615,2008,6,15,7,Jun,Sun
20080616,2008,6,16,1,Jun,Mon
20080617,2008,6,17,2,Jun,Tue
20080618,2008,6,18,3,Jun,Wed
20080619,2008,6,19,4,Jun,Thu
20080620,2008,6,20,5,Jun,Fri
20080621,2008,6,21,6,Jun,Sat
20080622,2008,6,22,7,Jun,Sun
20080623,2008,6,23,1,Jun,Mon
20080624,2008,6,24,2,Jun,Tue
20080625,2008,6,25,3,Jun,Wed
20080626,2008,6,26,4,Jun,Thu
20080627,2008,6,27,5,Jun,Fri
20080628,2008,6,28,6,Jun,Sat
20080629,2008,6,29,7,Jun,Sun
20080630,2008,6,30,1,Jun,Mon
20080601,2008,6,1,7,Jun,Sun
20080702,2008,7,2,3,Jul,Wed
20080703,2008,7,3,4,Jul,Thu
20080704,2008,7,4,5,Jul,Fri
20080705,2008,7,5,6,Jul,Sat
20080706,2008,7,6,7,Jul,Sun
20080707,2008,7,7,1,Jul,Mon
20080708,2008,7,8,2,Jul,Tue
20080709,2008,7,9,3,Jul,Wed
20080710,2008,7,10,4,Jul,Thu
20080711,2008,7,11,5,Jul,Fri
20080712,2008,7,12,6,Jul,Sat
20080713,2008,7,13,7,Jul,Sun
20080714,2008,7,14,1,Jul,Mon
20080715,2008,7,15,2,Jul,Tue
20080716,2008,7,16,3,Jul,Wed
20080717,2008,7,17,4,Jul,Thu
20080718,2008,7,18,5,Jul,Fri
20080719,2008,7,19,6,Jul,Sat
20080720,2008,7,20,7,Jul,Sun
20080721,2008,7,21,1,Jul,Mon
20080722,2008,7,22,2,Jul,Tue
20080723,2008,7,23,3,Jul,Wed
20080724,2008,7,24,4,Jul,Thu
20080725,2008,7,25,5,Jul,Fri
20080726,2008,7,26,6,Jul,Sat
20080727,2008,7,27,7,Jul,Sun
20080728,2008,7,28,1,Jul,Mon
20080729,2008,7,29,2,Jul,Tue
20080730,2008,7,30,3,Jul,Wed
20080731,2008,7,31,4,Jul,Thu
20080701,2008,7,1,2,Jul,Tue
20080802,2008,8,2,6,Aug,Sat
20080803,2008,8,3,7,Aug,Sun
20080804,2008,8,4,1,Aug,Mon
20080805,2008,8,5,2,Aug,Tue
20080806,2008,8,6,3,Aug,Wed
20080807,2008,8,7,4,Aug,Thu
20080808,2008,8,8,5,Aug,Fri
20080809,2008,8,9,6,Aug,Sat
20080810,2008,8,10,7,Aug,Sun
20080811,2008,8,11,1,Aug,Mon
20080812,2008,8,12,2,Aug,Tue
20080813,2008,8,13,3,Aug,Wed
20080814,2008,8,14,4,Aug,Thu
20080815,2008,8,15,5,Aug,Fri
20080816,2008,8,16,6,Aug,Sat
20080817,2008,8,17,7,Aug,Sun
20080818,2008,8,18,1,Aug,Mon
20080819,2008,8,19,2,Aug,Tue
20080820,2008,8,20,3,Aug,Wed
20080821,2008,8,21,4,Aug,Thu
20080822,2008,8,22,5,Aug,Fri
20080823,2008,8,23,6,Aug,Sat
20080824,2008,8,24,7,Aug,Sun
20080825,2008,8,25,1,Aug,Mon
20080826,2008,8,26,2,Aug,Tue
20080827,2008,8,27,3,Aug,Wed
20080828,2008,8,28,4,Aug,Thu
20080829,2008,8,29,5,Aug,Fri
20080830,2008,8,30,6,Aug,Sat
20080831,2008,8,31,7,Aug,Sun
20080801,2008,8,1,5,Aug,Fri
20080902,2008,9,2,2,Sep,Tue
20080903,2008,9,3,3,Sep,Wed
20080904,2008,9,4,4,Sep,Thu
20080905,2008,9,5,5,Sep,Fri
20080906,2008,9,6,6,Sep,Sat
20080907,2008,9,7,7,Sep,Sun
20080908,2008,9,8,1,Sep,Mon
20080909,2008,9,9,2,Sep,Tue
20080910,2008,9,10,3,Sep,Wed
20080911,2008,9,11,4,Sep,Thu
20080912,2008,9,12,5,Sep,Fri
20080913,2008,9,13,6,Sep,Sat
20080914,2008,9,14,7,Sep,Sun
20080915,2008,9,15,1,Sep,Mon
20080916,2008,9,16,2,Sep,Tue
20080917,2008,9,17,3,Sep,Wed
20080918,2008,9,18,4,Sep,Thu
20080919,2008,9,19,5,Sep,Fri
20080920,2008,9,20,6,Sep,Sat
20080921,2008,9,21,7,Sep,Sun
20080922,2008,9,22,1,Sep,Mon
20080923,2008,9,23,2,Sep,Tue
20080924,2008,9,24,3,Sep,Wed
20080925,2008,9,25,4,Sep,Thu
20080926,2008,9,26,5,Sep,Fri
20080927,2008,9,27,6,Sep,Sat
20080928,2008,9,28,7,Sep,Sun
20080929,2008,9,29,1,Sep,Mon
20080930,2008,9,30,2,Sep,Tue
20080901,2008,9,1,1,Sep,Mon
20081003,2008,10,3,5,Oct,Fri
20081004,2008,10,4,6,Oct,Sat
20081005,2008,10,5,7,Oct,Sun
20081006,2008,10,6,1,Oct,Mon
20081007,2008,10,7,2,Oct,Tue
20081008,2008,10,8,3,Oct,Wed
20081009,2008,10,9,4,Oct,Thu
20081010,2008,10,10,5,Oct,Fri
20081011,2008,10,11,6,Oct,Sat
20081012,2008,10,12,7,Oct,Sun
20081013,2008,10,13,1,Oct,Mon
20081014,2008,10,14,2,Oct,Tue
20081015,2008,10,15,3,Oct,Wed
20081016,2008,10,16,4,Oct,Thu
20081017,2008,10,17,5,Oct,Fri
20081018,2008,10,18,6,Oct,Sat
20081019,2008,10,19,7,Oct,Sun
20081020,2008,10,20,1,Oct,Mon
20081021,2008,10,21,2,Oct,Tue
20081022,2008,10,22,3,Oct,Wed
20081023,2008,10,23,4,Oct,Thu
20081024,2008,10,24,5,Oct,Fri
20081025,2008,10,25,6,Oct,Sat
20081026,2008,10,26,7,Oct,Sun
20081027,2008,10,27,1,Oct,Mon
20081028,2008,10,28,2,Oct,Tue
20081029,2008,10,29,3,Oct,Wed
20081030,2008,10,30,4,Oct,Thu
20081031,2008,10,31,5,Oct,Fri
20081002,2008,10,2,4,Oct,Thu
20081001,2008,10,1,3,Oct,Wed
20081103,2008,11,3,1,Nov,Mon
20081104,2008,11,4,2,Nov,Tue
20081105,2008,11,5,3,Nov,Wed
20081106,2008,11,6,4,Nov,Thu
20081107,2008,11,7,5,Nov,Fri
20081108,2008,11,8,6,Nov,Sat
20081109,2008,11,9,7,Nov,Sun
20081110,2008,11,10,1,Nov,Mon
20081111,2008,11,11,2,Nov,Tue
20081112,2008,11,12,3,Nov,Wed
20081113,2008,11,13,4,Nov,Thu
20081114,2008,11,14,5,Nov,Fri
20081115,2008,11,15,6,Nov,Sat
20081116,2008,11,16,7,Nov,Sun
20081117,2008,11,17,1,Nov,Mon
20081118,2008,11,18,2,Nov,Tue
20081119,2008,11,19,3,Nov,Wed
20081120,2008,11,20,4,Nov,Thu
20081121,2008,11,21,5,Nov,Fri
20081122,2008,11,22,6,Nov,Sat
20081123,2008,11,23,7,Nov,Sun
20081124,2008,11,24,1,Nov,Mon
20081125,2008,11,25,2,Nov,Tue
20081126,2008,11,26,3,Nov,Wed
20081127,2008,11,27,4,Nov,Thu
20081128,2008,11,28,5,Nov,Fri
20081129,2008,11,29,6,Nov,Sat
20081130,2008,11,30,7,Nov,Sun
20081102,2008,11,2,7,Nov,Sun
20081101,2008,11,1,6,Nov,Sat
20081203,2008,12,3,3,Dec,Wed
20081204,2008,12,4,4,Dec,Thu
20081205,2008,12,5,5,Dec,Fri
20081206,2008,12,6,6,Dec,Sat
20081207,2008,12,7,7,Dec,Sun
20081208,2008,12,8,1,Dec,Mon
20081209,2008,12,9,2,Dec,Tue
20081210,2008,12,10,3,Dec,Wed
20081211,2008,12,11,4,Dec,Thu
20081212,2008,12,12,5,Dec,Fri
20081213,2008,12,13,6,Dec,Sat
20081214,2008,12,14,7,Dec,Sun
20081215,2008,12,15,1,Dec,Mon
20081216,2008,12,16,2,Dec,Tue
20081217,2008,12,17,3,Dec,Wed
20081218,2008,12,18,4,Dec,Thu
20081219,2008,12,19,5,Dec,Fri
20081220,2008,12,20,6,Dec,Sat
20081221,2008,12,21,7,Dec,Sun
20081222,2008,12,22,1,Dec,Mon
20081223,2008,12,23,2,Dec,Tue
20081224,2008,12,24,3,Dec,Wed
20081225,2008,12,25,4,Dec,Thu
20081226,2008,12,26,5,Dec,Fri
20081227,2008,12,27,6,Dec,Sat
20081228,2008,12,28,7,Dec,Sun
20081229,2008,12,29,1,Dec,Mon
20081230,2008,12,30,2,Dec,Tue
20081231,2008,12,31,3,Dec,Wed
20081202,2008,12,2,2,Dec,Tue
20081201,2008,12,1,1,Dec,Mon
